title:卫生机构数数据,unit:个,,year,北京市,上海市,重庆市,天津市,西安市,成都市,昆明市,长春市,合肥市,郑州市,南京市,苏州市,哈尔滨市,广州市,深圳市,东莞市,长沙市,福州市,武汉市,济南市,青岛市,杭州市,宁波市,大连市,沈阳市
,,,2020,,,,5836,7130,,5527,,,6256,2769,,4394,,,,4681,,,7514,4459.0,,,3516,5177
,,,2019,,5610,21058,5964,7011,12121,5068,4918,59050,4999,3242,3720,2026,5093,5010,3055,4633,2252,,7487,8317,5925,4530,3436,1893
,,,2018,10336,5298,21057,5962,5928,10755,4892,5167,2293,4773,2801,3380,4187,4598,4380,2722,4523,2065,,6030,8027,5377,4252,3154,2681
,,,2017,10986,5144,19615,5538,5654,10183,4823,4380,2199,4420,2340,3160,4041,4058,4049,2446,4493,1839,4368,5770,7927,4933,4157,2944,2386
,,,2016,10637,5011,19933,5442,5869,9853,4755,4404,2200,3964,2383,3175,4036,3806,3957,2344,4605,1995,3839,326,7564,4691,4115,2896,5008
,,,2015,10425,5016,19805,5221,5802,8481,4490,4317,2217,3922,2337,3121,1746,3724,3606,2237,4661,2020,3695,5947,3146,4428,4069,,2156
,,,2014,10265,4987,18766,,,8190,,4219,2253,,,3063,,3749,3185,2194,,1908,2782,,,4198,4077,,
,,,2013,10141,,,,,,,,,,,,,,,,,,2760,,,,,3801,
,,,2012,,,,,,,,,,,,,,,,,,,2857,,,,,,
,,,2011,,,,,,,,,,,,,,,,,,,,,,,,,
,,,2010,,,,,,,,,,,,,,,,,,,,,,,,,
,,,2009,,,,,,,,,,,,,,,,,,,,,,,,,
,,,2008,,,,,,,,,,,,,,,,,,,,,,,,,
,,,2007,,,,,,,,,,,,,,,,,,,,,,,,,
,,,2006,,,,,,,,,,,,,,,,,,,,,,,,,
,,,2005,,,,,,,,,,,,,,,,,,,,,,,,,
,,,2004,,,,,,,,,,,,,,,,,,,,,,,,,
,,,2003,,,,,,,,,,,,,,,,,,,,,,,,,
,,,2002,,,,,,,,,,,,,,,,,,,,,,,,,
,,,2001,,,,,,,,,,,,,,,,,,,,,,,,,
,,,2000,,,,,,,,,,,,,,,,,,,,,,,,,
,,,1999,,,,,,,,,,,,,,,,,,,,,,,,,
,,,1998,,,,,,,,,,,,,,,,,,,,,,,,,
,,,1997,,,,,,,,,,,,,,,,,,,,,,,,,
,,,1996,,,,,,,,,,,,,,,,,,,,,,,,,
,,,1995,,,,,,,,,,,,,,,,,,,,,,,,,
,,,1994,,,,,,,,,,,,,,,,,,,,,,,,,
,,,1993,,,,,,,,,,,,,,,,,,,,,,,,,
,,,1992,,,,,,,,,,,,,,,,,,,,,,,,,
,,,1991,,,,,,,,,,,,,,,,,,,,,,,,,
,,,1990,,,,,,,,,,,,,,,,,,,,,,,,,
,,,1989,,,,,,,,,,,,,,,,,,,,,,,,,
,,,1988,,,,,,,,,,,,,,,,,,,,,,,,,
,,,1987,,,,,,,,,,,,,,,,,,,,,,,,,
,,,1986,,,,,,,,,,,,,,,,,,,,,,,,,
,,,1985,,,,,,,,,,,,,,,,,,,,,,,,,
,,,1984,,,,,,,,,,,,,,,,,,,,,,,,,
,,,1983,,,,,,,,,,,,,,,,,,,,,,,,,
,,,1982,,,,,,,,,,,,,,,,,,,,,,,,,
,,,1981,,,,,,,,,,,,,,,,,,,,,,,,,
,,,1980,,,,,,,,,,,,,,,,,,,,,,,,,
,,,1979,,,,,,,,,,,,,,,,,,,,,,,,,
,,,1978,,,,,,,,,,,,,,,,,,,,,,,,,
,,,1977,,,,,,,,,,,,,,,,,,,,,,,,,
,,,1976,,,,,,,,,,,,,,,,,,,,,,,,,
,,,1975,,,,,,,,,,,,,,,,,,,,,,,,,
,,,1974,,,,,,,,,,,,,,,,,,,,,,,,,
,,,1973,,,,,,,,,,,,,,,,,,,,,,,,,
,,,1972,,,,,,,,,,,,,,,,,,,,,,,,,
,,,1971,,,,,,,,,,,,,,,,,,,,,,,,,
,,,1970,,,,,,,,,,,,,,,,,,,,,,,,,
,,,1969,,,,,,,,,,,,,,,,,,,,,,,,,
,,,1968,,,,,,,,,,,,,,,,,,,,,,,,,
,,,1967,,,,,,,,,,,,,,,,,,,,,,,,,
,,,1966,,,,,,,,,,,,,,,,,,,,,,,,,
,,,1965,,,,,,,,,,,,,,,,,,,,,,,,,
,,,1964,,,,,,,,,,,,,,,,,,,,,,,,,
,,,1963,,,,,,,,,,,,,,,,,,,,,,,,,
,,,1962,,,,,,,,,,,,,,,,,,,,,,,,,
,,,1961,,,,,,,,,,,,,,,,,,,,,,,,,
,,,1960,,,,,,,,,,,,,,,,,,,,,,,,,
,,,1959,,,,,,,,,,,,,,,,,,,,,,,,,
,,,1958,,,,,,,,,,,,,,,,,,,,,,,,,
,,,1957,,,,,,,,,,,,,,,,,,,,,,,,,
,,,1956,,,,,,,,,,,,,,,,,,,,,,,,,
,,,1955,,,,,,,,,,,,,,,,,,,,,,,,,
,,,1954,,,,,,,,,,,,,,,,,,,,,,,,,
,,,1953,,,,,,,,,,,,,,,,,,,,,,,,,
,,,1952,,,,,,,,,,,,,,,,,,,,,,,,,
,,,1951,,,,,,,,,,,,,,,,,,,,,,,,,